id,name,address,city,contact_phone
1,Donor 001,328 Main St,Rivertown,555-1001
2,Donor 002,13 Main St,Northport,555-1002
3,Donor 003,141 Main St,Baytown,555-1003
4,Donor 004,115 Main St,Baytown,555-1004
5,Donor 005,378 Main St,Rivertown,555-1005
6,Donor 006,347 Main St,Northport,555-1006
7,Donor 007,457 Main St,Greendale,555-1007
8,Donor 008,45 Main St,Greendale,555-1008
9,Donor 009,217 Main St,Rivertown,555-1009
10,Donor 010,16 Main St,Rivertown,555-1010
11,Donor 011,112 Main St,Baytown,555-1011
12,Donor 012,259 Main St,Greendale,555-1012
13,Donor 013,14 Main St,Greendale,555-1013
14,Donor 014,102 Main St,Northport,555-1014
15,Donor 015,333 Main St,Northport,555-1015
16,Donor 016,280 Main St,Uptown,555-1016
17,Donor 017,113 Main St,Uptown,555-1017
18,Donor 018,302 Main St,Lakeside,555-1018
19,Donor 019,415 Main St,Oldtown,555-1019
20,Donor 020,4 Main St,Oldtown,555-1020
21,Donor 021,413 Main St,Baytown,555-1021
22,Donor 022,358 Main St,Uptown,555-1022
23,Donor 023,175 Main St,Lakeside,555-1023
24,Donor 024,80 Main St,Baytown,555-1024
25,Donor 025,491 Main St,Oldtown,555-1025
26,Donor 026,173 Main St,Rivertown,555-1026
27,Donor 027,48 Main St,Uptown,555-1027
28,Donor 028,50 Main St,Lakeside,555-1028
29,Donor 029,434 Main St,Lakeside,555-1029
30,Donor 030,310 Main St,Lakeside,555-1030
31,Donor 031,414 Main St,Rivertown,555-1031
32,Donor 032,374 Main St,Uptown,555-1032
33,Donor 033,275 Main St,Rivertown,555-1033
34,Donor 034,499 Main St,Uptown,555-1034
35,Donor 035,41 Main St,Greendale,555-1035
36,Donor 036,151 Main St,Oldtown,555-1036
37,Donor 037,322 Main St,Greendale,555-1037
38,Donor 038,454 Main St,Oldtown,555-1038
39,Donor 039,186 Main St,Greendale,555-1039
40,Donor 040,99 Main St,Northport,555-1040
41,Donor 041,36 Main St,Rivertown,555-1041
42,Donor 042,339 Main St,Baytown,555-1042
43,Donor 043,396 Main St,Lakeside,555-1043
44,Donor 044,41 Main St,Oldtown,555-1044
45,Donor 045,120 Main St,Oldtown,555-1045
46,Donor 046,52 Main St,Uptown,555-1046
47,Donor 047,143 Main St,Uptown,555-1047
48,Donor 048,326 Main St,Oldtown,555-1048
49,Donor 049,187 Main St,Baytown,555-1049
50,Donor 050,190 Main St,Lakeside,555-1050
51,Donor 051,108 Main St,Northport,555-1051
52,Donor 052,137 Main St,Northport,555-1052
53,Donor 053,480 Main St,Northport,555-1053
54,Donor 054,332 Main St,Rivertown,555-1054
55,Donor 055,312 Main St,Northport,555-1055
56,Donor 056,88 Main St,Greendale,555-1056
57,Donor 057,374 Main St,Baytown,555-1057
58,Donor 058,84 Main St,Uptown,555-1058
59,Donor 059,195 Main St,Lakeside,555-1059
60,Donor 060,474 Main St,Northport,555-1060
61,Donor 061,353 Main St,Greendale,555-1061
62,Donor 062,113 Main St,Northport,555-1062
63,Donor 063,167 Main St,Oldtown,555-1063
64,Donor 064,394 Main St,Oldtown,555-1064
65,Donor 065,29 Main St,Baytown,555-1065
66,Donor 066,421 Main St,Rivertown,555-1066
67,Donor 067,413 Main St,Lakeside,555-1067
68,Donor 068,206 Main St,Lakeside,555-1068
69,Donor 069,34 Main St,Baytown,555-1069
70,Donor 070,468 Main St,Greendale,555-1070
71,Donor 071,449 Main St,Northport,555-1071
72,Donor 072,162 Main St,Baytown,555-1072
73,Donor 073,336 Main St,Uptown,555-1073
74,Donor 074,203 Main St,Northport,555-1074
75,Donor 075,235 Main St,Baytown,555-1075
76,Donor 076,136 Main St,Baytown,555-1076
77,Donor 077,127 Main St,Northport,555-1077
78,Donor 078,288 Main St,Greendale,555-1078
79,Donor 079,135 Main St,Northport,555-1079
80,Donor 080,300 Main St,Uptown,555-1080
81,Donor 081,460 Main St,Greendale,555-1081
82,Donor 082,205 Main St,Lakeside,555-1082
83,Donor 083,113 Main St,Baytown,555-1083
84,Donor 084,261 Main St,Uptown,555-1084
85,Donor 085,47 Main St,Oldtown,555-1085
86,Donor 086,25 Main St,Oldtown,555-1086
87,Donor 087,57 Main St,Baytown,555-1087
88,Donor 088,322 Main St,Baytown,555-1088
89,Donor 089,406 Main St,Northport,555-1089
90,Donor 090,217 Main St,Greendale,555-1090
91,Donor 091,33 Main St,Uptown,555-1091
92,Donor 092,196 Main St,Greendale,555-1092
93,Donor 093,240 Main St,Greendale,555-1093
94,Donor 094,129 Main St,Greendale,555-1094
95,Donor 095,441 Main St,Rivertown,555-1095
96,Donor 096,349 Main St,Northport,555-1096
97,Donor 097,59 Main St,Northport,555-1097
98,Donor 098,454 Main St,Greendale,555-1098
99,Donor 099,385 Main St,Lakeside,555-1099
100,Donor 100,394 Main St,Northport,555-1100
101,Donor 101,175 Main St,Rivertown,555-1101
102,Donor 102,151 Main St,Uptown,555-1102
103,Donor 103,81 Main St,Uptown,555-1103
104,Donor 104,2 Main St,Northport,555-1104
105,Donor 105,449 Main St,Northport,555-1105
106,Donor 106,135 Main St,Greendale,555-1106
107,Donor 107,391 Main St,Baytown,555-1107
108,Donor 108,260 Main St,Rivertown,555-1108
109,Donor 109,446 Main St,Northport,555-1109
110,Donor 110,153 Main St,Oldtown,555-1110
111,Donor 111,328 Main St,Greendale,555-1111
112,Donor 112,312 Main St,Baytown,555-1112
113,Donor 113,79 Main St,Lakeside,555-1113
114,Donor 114,391 Main St,Baytown,555-1114
115,Donor 115,277 Main St,Oldtown,555-1115
116,Donor 116,473 Main St,Greendale,555-1116
117,Donor 117,471 Main St,Rivertown,555-1117
118,Donor 118,307 Main St,Lakeside,555-1118
119,Donor 119,251 Main St,Rivertown,555-1119
120,Donor 120,58 Main St,Lakeside,555-1120
121,Donor 121,450 Main St,Oldtown,555-1121
122,Donor 122,414 Main St,Lakeside,555-1122
123,Donor 123,123 Main St,Rivertown,555-1123
124,Donor 124,124 Main St,Greendale,555-1124
125,Donor 125,485 Main St,Rivertown,555-1125
126,Donor 126,44 Main St,Northport,555-1126
127,Donor 127,249 Main St,Oldtown,555-1127
128,Donor 128,36 Main St,Oldtown,555-1128
129,Donor 129,273 Main St,Oldtown,555-1129
130,Donor 130,65 Main St,Baytown,555-1130
131,Donor 131,338 Main St,Uptown,555-1131
132,Donor 132,485 Main St,Greendale,555-1132
133,Donor 133,85 Main St,Lakeside,555-1133
134,Donor 134,271 Main St,Oldtown,555-1134
135,Donor 135,311 Main St,Uptown,555-1135
136,Donor 136,494 Main St,Baytown,555-1136
137,Donor 137,476 Main St,Greendale,555-1137
138,Donor 138,387 Main St,Northport,555-1138
139,Donor 139,354 Main St,Baytown,555-1139
140,Donor 140,366 Main St,Lakeside,555-1140
141,Donor 141,205 Main St,Northport,555-1141
142,Donor 142,333 Main St,Lakeside,555-1142
143,Donor 143,225 Main St,Greendale,555-1143
144,Donor 144,232 Main St,Rivertown,555-1144
145,Donor 145,127 Main St,Baytown,555-1145
146,Donor 146,33 Main St,Lakeside,555-1146
147,Donor 147,11 Main St,Greendale,555-1147
148,Donor 148,284 Main St,Baytown,555-1148
149,Donor 149,302 Main St,Baytown,555-1149
150,Donor 150,4 Main St,Rivertown,555-1150
151,Donor 151,363 Main St,Northport,555-1151
152,Donor 152,31 Main St,Baytown,555-1152
153,Donor 153,35 Main St,Rivertown,555-1153
154,Donor 154,441 Main St,Lakeside,555-1154
155,Donor 155,37 Main St,Greendale,555-1155
156,Donor 156,122 Main St,Lakeside,555-1156
157,Donor 157,343 Main St,Uptown,555-1157
158,Donor 158,110 Main St,Greendale,555-1158
159,Donor 159,68 Main St,Northport,555-1159
160,Donor 160,479 Main St,Greendale,555-1160
161,Donor 161,296 Main St,Uptown,555-1161
162,Donor 162,125 Main St,Oldtown,555-1162
163,Donor 163,243 Main St,Oldtown,555-1163
164,Donor 164,209 Main St,Baytown,555-1164
165,Donor 165,49 Main St,Rivertown,555-1165
166,Donor 166,338 Main St,Uptown,555-1166
167,Donor 167,182 Main St,Uptown,555-1167
168,Donor 168,211 Main St,Uptown,555-1168
169,Donor 169,443 Main St,Northport,555-1169
170,Donor 170,28 Main St,Northport,555-1170
171,Donor 171,335 Main St,Northport,555-1171
172,Donor 172,51 Main St,Rivertown,555-1172
173,Donor 173,207 Main St,Northport,555-1173
174,Donor 174,174 Main St,Oldtown,555-1174
175,Donor 175,442 Main St,Rivertown,555-1175
176,Donor 176,128 Main St,Baytown,555-1176
177,Donor 177,98 Main St,Greendale,555-1177
178,Donor 178,230 Main St,Baytown,555-1178
179,Donor 179,217 Main St,Baytown,555-1179
180,Donor 180,143 Main St,Uptown,555-1180
181,Donor 181,128 Main St,Oldtown,555-1181
182,Donor 182,473 Main St,Rivertown,555-1182
183,Donor 183,227 Main St,Oldtown,555-1183
184,Donor 184,442 Main St,Oldtown,555-1184
185,Donor 185,282 Main St,Rivertown,555-1185
186,Donor 186,26 Main St,Northport,555-1186
187,Donor 187,277 Main St,Oldtown,555-1187
188,Donor 188,8 Main St,Rivertown,555-1188
189,Donor 189,475 Main St,Oldtown,555-1189
190,Donor 190,435 Main St,Baytown,555-1190
191,Donor 191,86 Main St,Uptown,555-1191
192,Donor 192,249 Main St,Uptown,555-1192
193,Donor 193,110 Main St,Oldtown,555-1193
194,Donor 194,206 Main St,Rivertown,555-1194
195,Donor 195,85 Main St,Uptown,555-1195
196,Donor 196,2 Main St,Uptown,555-1196
197,Donor 197,136 Main St,Oldtown,555-1197
198,Donor 198,402 Main St,Uptown,555-1198
199,Donor 199,147 Main St,Uptown,555-1199
200,Donor 200,357 Main St,Northport,555-1200
