id,name,phone,vehicle_type
1,Volunteer 001,555-2001,car
2,Volunteer 002,555-2002,car
3,Volunteer 003,555-2003,car
4,Volunteer 004,555-2004,truck
5,Volunteer 005,555-2005,bike
6,Volunteer 006,555-2006,car
7,Volunteer 007,555-2007,van
8,Volunteer 008,555-2008,truck
9,Volunteer 009,555-2009,car
10,Volunteer 010,555-2010,van
11,Volunteer 011,555-2011,car
12,Volunteer 012,555-2012,bike
13,Volunteer 013,555-2013,truck
14,Volunteer 014,555-2014,bike
15,Volunteer 015,555-2015,truck
16,Volunteer 016,555-2016,car
17,Volunteer 017,555-2017,car
18,Volunteer 018,555-2018,truck
19,Volunteer 019,555-2019,van
20,Volunteer 020,555-2020,van
21,Volunteer 021,555-2021,car
22,Volunteer 022,555-2022,car
23,Volunteer 023,555-2023,bike
24,Volunteer 024,555-2024,car
25,Volunteer 025,555-2025,truck
26,Volunteer 026,555-2026,van
27,Volunteer 027,555-2027,van
28,Volunteer 028,555-2028,bike
29,Volunteer 029,555-2029,van
30,Volunteer 030,555-2030,van
31,Volunteer 031,555-2031,truck
32,Volunteer 032,555-2032,van
33,Volunteer 033,555-2033,bike
34,Volunteer 034,555-2034,bike
35,Volunteer 035,555-2035,van
36,Volunteer 036,555-2036,car
37,Volunteer 037,555-2037,van
38,Volunteer 038,555-2038,bike
39,Volunteer 039,555-2039,bike
40,Volunteer 040,555-2040,truck
41,Volunteer 041,555-2041,van
42,Volunteer 042,555-2042,van
43,Volunteer 043,555-2043,truck
44,Volunteer 044,555-2044,bike
45,Volunteer 045,555-2045,truck
46,Volunteer 046,555-2046,car
47,Volunteer 047,555-2047,van
48,Volunteer 048,555-2048,bike
49,Volunteer 049,555-2049,truck
50,Volunteer 050,555-2050,bike
51,Volunteer 051,555-2051,car
52,Volunteer 052,555-2052,van
53,Volunteer 053,555-2053,truck
54,Volunteer 054,555-2054,bike
55,Volunteer 055,555-2055,van
56,Volunteer 056,555-2056,van
57,Volunteer 057,555-2057,bike
58,Volunteer 058,555-2058,van
59,Volunteer 059,555-2059,van
60,Volunteer 060,555-2060,truck
61,Volunteer 061,555-2061,van
62,Volunteer 062,555-2062,truck
63,Volunteer 063,555-2063,van
64,Volunteer 064,555-2064,car
65,Volunteer 065,555-2065,car
66,Volunteer 066,555-2066,truck
67,Volunteer 067,555-2067,truck
68,Volunteer 068,555-2068,car
69,Volunteer 069,555-2069,van
70,Volunteer 070,555-2070,truck
71,Volunteer 071,555-2071,bike
72,Volunteer 072,555-2072,van
73,Volunteer 073,555-2073,van
74,Volunteer 074,555-2074,car
75,Volunteer 075,555-2075,truck
76,Volunteer 076,555-2076,van
77,Volunteer 077,555-2077,truck
78,Volunteer 078,555-2078,truck
79,Volunteer 079,555-2079,truck
80,Volunteer 080,555-2080,car
81,Volunteer 081,555-2081,truck
82,Volunteer 082,555-2082,car
83,Volunteer 083,555-2083,bike
84,Volunteer 084,555-2084,van
85,Volunteer 085,555-2085,van
86,Volunteer 086,555-2086,bike
87,Volunteer 087,555-2087,car
88,Volunteer 088,555-2088,van
89,Volunteer 089,555-2089,car
90,Volunteer 090,555-2090,car
91,Volunteer 091,555-2091,car
92,Volunteer 092,555-2092,bike
93,Volunteer 093,555-2093,bike
94,Volunteer 094,555-2094,car
95,Volunteer 095,555-2095,truck
96,Volunteer 096,555-2096,bike
97,Volunteer 097,555-2097,truck
98,Volunteer 098,555-2098,truck
99,Volunteer 099,555-2099,car
100,Volunteer 100,555-2100,truck
101,Volunteer 101,555-2101,truck
102,Volunteer 102,555-2102,truck
103,Volunteer 103,555-2103,car
104,Volunteer 104,555-2104,car
105,Volunteer 105,555-2105,bike
106,Volunteer 106,555-2106,bike
107,Volunteer 107,555-2107,truck
108,Volunteer 108,555-2108,car
109,Volunteer 109,555-2109,car
110,Volunteer 110,555-2110,truck
111,Volunteer 111,555-2111,bike
112,Volunteer 112,555-2112,car
113,Volunteer 113,555-2113,bike
114,Volunteer 114,555-2114,truck
115,Volunteer 115,555-2115,car
116,Volunteer 116,555-2116,truck
117,Volunteer 117,555-2117,van
118,Volunteer 118,555-2118,truck
119,Volunteer 119,555-2119,truck
120,Volunteer 120,555-2120,truck
121,Volunteer 121,555-2121,car
122,Volunteer 122,555-2122,truck
123,Volunteer 123,555-2123,truck
124,Volunteer 124,555-2124,van
125,Volunteer 125,555-2125,car
126,Volunteer 126,555-2126,van
127,Volunteer 127,555-2127,truck
128,Volunteer 128,555-2128,car
129,Volunteer 129,555-2129,van
130,Volunteer 130,555-2130,truck
131,Volunteer 131,555-2131,bike
132,Volunteer 132,555-2132,van
133,Volunteer 133,555-2133,car
134,Volunteer 134,555-2134,van
135,Volunteer 135,555-2135,van
136,Volunteer 136,555-2136,van
137,Volunteer 137,555-2137,bike
138,Volunteer 138,555-2138,car
139,Volunteer 139,555-2139,car
140,Volunteer 140,555-2140,car
141,Volunteer 141,555-2141,truck
142,Volunteer 142,555-2142,car
143,Volunteer 143,555-2143,car
144,Volunteer 144,555-2144,bike
145,Volunteer 145,555-2145,truck
146,Volunteer 146,555-2146,truck
147,Volunteer 147,555-2147,van
148,Volunteer 148,555-2148,truck
149,Volunteer 149,555-2149,truck
150,Volunteer 150,555-2150,bike
151,Volunteer 151,555-2151,car
152,Volunteer 152,555-2152,truck
153,Volunteer 153,555-2153,truck
154,Volunteer 154,555-2154,bike
155,Volunteer 155,555-2155,truck
156,Volunteer 156,555-2156,truck
157,Volunteer 157,555-2157,bike
158,Volunteer 158,555-2158,van
159,Volunteer 159,555-2159,van
160,Volunteer 160,555-2160,truck
161,Volunteer 161,555-2161,truck
162,Volunteer 162,555-2162,car
163,Volunteer 163,555-2163,truck
164,Volunteer 164,555-2164,car
165,Volunteer 165,555-2165,van
166,Volunteer 166,555-2166,truck
167,Volunteer 167,555-2167,truck
168,Volunteer 168,555-2168,bike
169,Volunteer 169,555-2169,truck
170,Volunteer 170,555-2170,van
171,Volunteer 171,555-2171,truck
172,Volunteer 172,555-2172,car
173,Volunteer 173,555-2173,truck
174,Volunteer 174,555-2174,car
175,Volunteer 175,555-2175,bike
176,Volunteer 176,555-2176,truck
177,Volunteer 177,555-2177,bike
178,Volunteer 178,555-2178,bike
179,Volunteer 179,555-2179,truck
180,Volunteer 180,555-2180,car
181,Volunteer 181,555-2181,truck
182,Volunteer 182,555-2182,car
183,Volunteer 183,555-2183,bike
184,Volunteer 184,555-2184,van
185,Volunteer 185,555-2185,truck
186,Volunteer 186,555-2186,van
187,Volunteer 187,555-2187,car
188,Volunteer 188,555-2188,truck
189,Volunteer 189,555-2189,van
190,Volunteer 190,555-2190,van
191,Volunteer 191,555-2191,truck
192,Volunteer 192,555-2192,van
193,Volunteer 193,555-2193,truck
194,Volunteer 194,555-2194,van
195,Volunteer 195,555-2195,bike
196,Volunteer 196,555-2196,truck
197,Volunteer 197,555-2197,bike
198,Volunteer 198,555-2198,bike
199,Volunteer 199,555-2199,van
200,Volunteer 200,555-2200,car
201,Volunteer 201,555-2201,bike
202,Volunteer 202,555-2202,bike
203,Volunteer 203,555-2203,bike
204,Volunteer 204,555-2204,car
205,Volunteer 205,555-2205,car
206,Volunteer 206,555-2206,bike
207,Volunteer 207,555-2207,car
208,Volunteer 208,555-2208,car
209,Volunteer 209,555-2209,car
210,Volunteer 210,555-2210,truck
211,Volunteer 211,555-2211,bike
212,Volunteer 212,555-2212,car
213,Volunteer 213,555-2213,truck
214,Volunteer 214,555-2214,van
215,Volunteer 215,555-2215,van
216,Volunteer 216,555-2216,car
217,Volunteer 217,555-2217,bike
218,Volunteer 218,555-2218,car
219,Volunteer 219,555-2219,van
220,Volunteer 220,555-2220,bike
221,Volunteer 221,555-2221,bike
222,Volunteer 222,555-2222,van
223,Volunteer 223,555-2223,truck
224,Volunteer 224,555-2224,truck
225,Volunteer 225,555-2225,car
226,Volunteer 226,555-2226,bike
227,Volunteer 227,555-2227,car
228,Volunteer 228,555-2228,bike
229,Volunteer 229,555-2229,van
230,Volunteer 230,555-2230,bike
231,Volunteer 231,555-2231,bike
232,Volunteer 232,555-2232,van
233,Volunteer 233,555-2233,truck
234,Volunteer 234,555-2234,van
235,Volunteer 235,555-2235,bike
236,Volunteer 236,555-2236,van
237,Volunteer 237,555-2237,bike
238,Volunteer 238,555-2238,truck
239,Volunteer 239,555-2239,truck
240,Volunteer 240,555-2240,bike
241,Volunteer 241,555-2241,truck
242,Volunteer 242,555-2242,van
243,Volunteer 243,555-2243,truck
244,Volunteer 244,555-2244,car
245,Volunteer 245,555-2245,truck
246,Volunteer 246,555-2246,car
247,Volunteer 247,555-2247,van
248,Volunteer 248,555-2248,truck
249,Volunteer 249,555-2249,truck
250,Volunteer 250,555-2250,truck
251,Volunteer 251,555-2251,van
252,Volunteer 252,555-2252,van
253,Volunteer 253,555-2253,car
254,Volunteer 254,555-2254,bike
255,Volunteer 255,555-2255,van
256,Volunteer 256,555-2256,truck
257,Volunteer 257,555-2257,car
258,Volunteer 258,555-2258,truck
259,Volunteer 259,555-2259,truck
260,Volunteer 260,555-2260,van
261,Volunteer 261,555-2261,bike
262,Volunteer 262,555-2262,truck
263,Volunteer 263,555-2263,van
264,Volunteer 264,555-2264,car
265,Volunteer 265,555-2265,truck
266,Volunteer 266,555-2266,car
267,Volunteer 267,555-2267,van
268,Volunteer 268,555-2268,van
269,Volunteer 269,555-2269,van
270,Volunteer 270,555-2270,van
271,Volunteer 271,555-2271,van
272,Volunteer 272,555-2272,bike
273,Volunteer 273,555-2273,car
274,Volunteer 274,555-2274,bike
275,Volunteer 275,555-2275,car
276,Volunteer 276,555-2276,truck
277,Volunteer 277,555-2277,truck
278,Volunteer 278,555-2278,car
279,Volunteer 279,555-2279,truck
280,Volunteer 280,555-2280,truck
281,Volunteer 281,555-2281,truck
282,Volunteer 282,555-2282,bike
283,Volunteer 283,555-2283,bike
284,Volunteer 284,555-2284,van
285,Volunteer 285,555-2285,car
286,Volunteer 286,555-2286,truck
287,Volunteer 287,555-2287,car
288,Volunteer 288,555-2288,van
289,Volunteer 289,555-2289,van
290,Volunteer 290,555-2290,truck
291,Volunteer 291,555-2291,van
292,Volunteer 292,555-2292,truck
293,Volunteer 293,555-2293,van
294,Volunteer 294,555-2294,van
295,Volunteer 295,555-2295,truck
296,Volunteer 296,555-2296,van
297,Volunteer 297,555-2297,van
298,Volunteer 298,555-2298,van
299,Volunteer 299,555-2299,car
300,Volunteer 300,555-2300,bike
301,Volunteer 301,555-2301,car
302,Volunteer 302,555-2302,van
303,Volunteer 303,555-2303,bike
304,Volunteer 304,555-2304,car
305,Volunteer 305,555-2305,car
306,Volunteer 306,555-2306,car
307,Volunteer 307,555-2307,truck
308,Volunteer 308,555-2308,van
309,Volunteer 309,555-2309,van
310,Volunteer 310,555-2310,bike
311,Volunteer 311,555-2311,car
312,Volunteer 312,555-2312,van
313,Volunteer 313,555-2313,car
314,Volunteer 314,555-2314,van
315,Volunteer 315,555-2315,car
316,Volunteer 316,555-2316,van
317,Volunteer 317,555-2317,bike
318,Volunteer 318,555-2318,car
319,Volunteer 319,555-2319,van
320,Volunteer 320,555-2320,bike
321,Volunteer 321,555-2321,bike
322,Volunteer 322,555-2322,van
323,Volunteer 323,555-2323,car
324,Volunteer 324,555-2324,truck
325,Volunteer 325,555-2325,bike
326,Volunteer 326,555-2326,bike
327,Volunteer 327,555-2327,van
328,Volunteer 328,555-2328,truck
329,Volunteer 329,555-2329,truck
330,Volunteer 330,555-2330,truck
331,Volunteer 331,555-2331,van
332,Volunteer 332,555-2332,car
333,Volunteer 333,555-2333,bike
334,Volunteer 334,555-2334,van
335,Volunteer 335,555-2335,truck
336,Volunteer 336,555-2336,bike
337,Volunteer 337,555-2337,bike
338,Volunteer 338,555-2338,truck
339,Volunteer 339,555-2339,truck
340,Volunteer 340,555-2340,bike
341,Volunteer 341,555-2341,bike
342,Volunteer 342,555-2342,car
343,Volunteer 343,555-2343,car
344,Volunteer 344,555-2344,van
345,Volunteer 345,555-2345,bike
346,Volunteer 346,555-2346,car
347,Volunteer 347,555-2347,bike
348,Volunteer 348,555-2348,truck
349,Volunteer 349,555-2349,car
350,Volunteer 350,555-2350,truck
351,Volunteer 351,555-2351,truck
352,Volunteer 352,555-2352,truck
353,Volunteer 353,555-2353,van
354,Volunteer 354,555-2354,truck
355,Volunteer 355,555-2355,van
356,Volunteer 356,555-2356,bike
357,Volunteer 357,555-2357,bike
358,Volunteer 358,555-2358,car
359,Volunteer 359,555-2359,car
360,Volunteer 360,555-2360,van
361,Volunteer 361,555-2361,bike
362,Volunteer 362,555-2362,car
363,Volunteer 363,555-2363,car
364,Volunteer 364,555-2364,car
365,Volunteer 365,555-2365,bike
366,Volunteer 366,555-2366,car
367,Volunteer 367,555-2367,bike
368,Volunteer 368,555-2368,truck
369,Volunteer 369,555-2369,truck
370,Volunteer 370,555-2370,truck
371,Volunteer 371,555-2371,van
372,Volunteer 372,555-2372,bike
373,Volunteer 373,555-2373,car
374,Volunteer 374,555-2374,van
375,Volunteer 375,555-2375,van
376,Volunteer 376,555-2376,truck
377,Volunteer 377,555-2377,bike
378,Volunteer 378,555-2378,car
379,Volunteer 379,555-2379,van
380,Volunteer 380,555-2380,car
381,Volunteer 381,555-2381,truck
382,Volunteer 382,555-2382,bike
383,Volunteer 383,555-2383,car
384,Volunteer 384,555-2384,car
385,Volunteer 385,555-2385,van
386,Volunteer 386,555-2386,car
387,Volunteer 387,555-2387,bike
388,Volunteer 388,555-2388,bike
389,Volunteer 389,555-2389,car
390,Volunteer 390,555-2390,van
391,Volunteer 391,555-2391,van
392,Volunteer 392,555-2392,truck
393,Volunteer 393,555-2393,bike
394,Volunteer 394,555-2394,truck
395,Volunteer 395,555-2395,van
396,Volunteer 396,555-2396,truck
397,Volunteer 397,555-2397,van
398,Volunteer 398,555-2398,truck
399,Volunteer 399,555-2399,truck
400,Volunteer 400,555-2400,bike
